id,	name,	address
1,	Shawna,	Las Vegas
2,	Nathaniel,	Irons
3,	Elisabeth,	Lexington
4,	Briana,	Munster
5,	Estella,	Fairbanks
6,	Lamont,	Purcellville
7,	Melinda,	Stowell
8,	Shanna,	Herndon
9,	Jasmine,	Ocoee
10,	Madge,	Springfield
11,	Bethany,	Montgomery
12,	Reid,	Pacoima
13,	Antoine,	Canby
14,	Mathew,	Van Nuys
15,	Bernardo,	Knoxville
16,	Cole,	Oklahoma City
17,	Tonia,	Friant
18,	Tod,	Patuxent River
19,	Yesenia,	Reisterstown
20,	Carey,	New Baltimore
21,	Aileen,	Herman
22,	Marta,	Hoquiam
23,	Arthur,	Dodson
24,	Tara,	Sheldon
25,	Josef,	Sacramento
26,	Keri,	Friendship
27,	Desmond,	Fresno
28,	Adrienne,	Burlingame
29,	Beatriz,	Arlee
30,	Jermaine,	Welaka
31,	Scott,	Bairoil
32,	Isabel,	Tupelo
33,	Marcelino,	Little Rock
34,	Benjamin,	Shungnak
35,	Marcia,	Victoria
36,	Rudolph,	Shinnston
37,	Beverly,	Rossville
38,	Marcus,	Bellerose
39,	Priscilla,	Fairview
40,	Lynn,	Castleton
41,	Tessa,	Austinville
42,	Rufus,	Adams Basin
43,	Roman,	Lampeter
44,	Carmela,	Keystone Heights
45,	Thurman,	Eddyville
46,	Lemuel,	Listie
47,	Clint,	Blue Island
48,	Karyn,	Ardenvoir
49,	Lesa,	Terre Haute
50,	Rich,	Maysville
51,	Liz,	Amherst
52,	Kendra,	Beaman
53,	Maryellen,	Tuckerman
54,	German,	Lakeview
55,	Micheal,	Arlington
56,	Carlo,	Liverpool
57,	Bianca,	Escatawpa
58,	Elias,	Oaks
59,	Alberta,	Rochester
60,	Erin,	Farmington
61,	Frederic,	Seligman
62,	Tanner,	Michigan City
63,	Clarence,	Macon
64,	German,	Matthews
65,	Dion,	Plainfield
66,	Cornelius,	High Point
67,	Patsy,	Atlanta
68,	Waldo,	Wooton
69,	Damien,	Five Forks
70,	Curt,	Monticello
71,	Brenton,	Green Camp
72,	Miguel,	Kingfisher
73,	Esperanza,	Lexington
74,	Patricia,	Easton
75,	Forrest,	Lee
76,	Marjorie,	Baldwin City
77,	Vivian,	Hampden Sydney
78,	Duncan,	West Palm Beach
79,	Miriam,	Brady
80,	Adam,	Potlatch
81,	Benjamin,	Tribune
82,	Neil,	Milton
83,	Nichole,	Bangor
84,	Jonathon,	Silver Spring
85,	Brent,	Adamsville
86,	Carlene,	Houston
87,	Arnulfo,	Auburn
88,	Nickolas,	Hanna
89,	Raymundo,	Toast
90,	Jeremiah,	Shauck
91,	Tanner,	Anchorage
92,	Dorian,	Canebrake
93,	Nora,	Woolstock
94,	Danial,	Joyce
95,	Nelson,	Glen Saint Mary
96,	Manuel,	Peabody
97,	Dominic,	Sumner
98,	Lowell,	Potter
99,	Jayne,	Norfolk
100,	Cornell,	Woodhaven
101,	Doris,	Blaine
102,	Tabatha,	Steelville
103,	Jerome,	Cobalt
104,	Elton,	Lombard
105,	Stacy,	Enterprise
106,	Rory,	Templeton
107,	Greg,	Turners Station
108,	Julian,	Lisbon Center
109,	Agnes,	Sugar City
110,	Nancy,	Cypress
111,	Tyrone,	Driftwood
112,	Bradley,	Portland
113,	Emile,	Mears
114,	Zachary,	Fairbanks
115,	Tara,	Zephyrhills
116,	Aubrey,	Osprey
117,	Carroll,	Saint Martin
118,	Claudette,	Omaha
119,	Ricky,	Mount Hope
120,	Brian,	Orlando
121,	Nicholas,	Pomona
122,	Eileen,	Oshkosh
123,	Colin,	Conroe
124,	Rosario,	Chattahoochee
125,	Salvador,	Huddy
126,	Aldo,	Linton
127,	Bret,	Vassar
128,	Dominic,	Vancouver
129,	Karina,	Centerville
130,	Marquis,	Manchester
131,	Damon,	Stacy
132,	Leonel,	Isaban
133,	Teddy,	Timblin
134,	Alexandria,	Cooksville
135,	Margaret,	Plant City
136,	Willis,	Freeman
137,	Donovan,	Monroe
138,	Kristina,	Merced
139,	Garth,	Phyllis
140,	Martin,	Centre
141,	Irwin,	Traverse City
142,	Reynaldo,	Jamaica
143,	Sherri,	Saint Louis
144,	Johnny,	Irwinville
145,	Earnest,	Masardis
146,	Bernardo,	Hollywood
147,	Yvette,	Orviston
148,	Robby,	Metaline
149,	Carolina,	Sanford
150,	Sonia,	Pearisburg
151,	Larry,	Pliny
152,	Esmeralda,	Shullsburg
153,	Candy,	Wetumpka
154,	Emma,	Briggsville
155,	Scot,	Pocahontas
156,	Rolland,	Jackson
157,	Tommie,	Wedowee
158,	Jessie,	Clearwater
159,	Isiah,	Heber City
160,	Janelle,	Falls Church
161,	Christoper,	Speaks
162,	Kathie,	Santa Teresa
163,	Antonia,	Fort Lauderdale
164,	Ophelia,	Scottsdale
165,	Hallie,	Se Ree
166,	Adriana,	Gordon
167,	Jana,	Athens
168,	Quentin,	Chippewa Falls
169,	Debra,	Kossuth
170,	Kenton,	Highland Park
171,	Ian,	Huntsville
172,	Jasper,	Greeley
173,	Brock,	Gary
174,	Salvador,	Riverdale
175,	Terence,	Montevallo
176,	Dario,	Torrance
177,	Ester,	Arendtsville
178,	Leanne,	Brookton
179,	Valentin,	Kingston
180,	Jared,	Dewittville
181,	Jami,	Country Club Hills
182,	Bruno,	Killen
183,	Garland,	Kopperl
184,	Augustus,	Napoleon
185,	Luther,	Winthrop Harbor
186,	Jimmy,	Biloxi
187,	Morton,	Kenton
188,	Andrew,	Ohio City
189,	Ava,	Fort Payne
190,	Anastasia,	Garrett Park
191,	Sabrina,	Duncan
192,	Kirsten,	Saint Louis
193,	Tabatha,	Bagdad
194,	Gregg,	Dartmouth
195,	Deanne,	Clarinda
196,	Juanita,	Seward
197,	Doug,	Doe Hill
198,	Billy,	Rhodelia
199,	Boyd,	Mount Hamilton
200,	Roberto,	Peoria
201,	Kris,	Ballouville
202,	Leann,	Neelyton
203,	Joaquin,	Barren Springs
204,	Leanne,	Cordova
205,	Jay,	Oxford
206,	Luz,	Charleston
207,	Dudley,	Keokee
208,	Monroe,	Norwood
209,	Dina,	Monticello
210,	Christian,	Sand Lake
211,	Lucile,	Cabot
212,	Luciano,	Little Rock
213,	Ahmad,	North Judson
214,	Janna,	Madison
215,	Kendrick,	Nashua
216,	Demetrius,	Chantilly
217,	Ken,	Jefferson City
218,	Earl,	Niagara Falls
219,	Taylor,	Sentinel
220,	Clarissa,	Melbourne
221,	Lewis,	Hope
222,	Claudine,	Farrandsville
223,	Mitzi,	Jamesville
224,	Michel,	Mascotte
225,	Janie,	Venango
226,	Sophie,	Mears
227,	Bette,	Mc Elhattan
228,	Dena,	Otter
229,	Dante,	Hannah
230,	Angelina,	Hazard
231,	Shannon,	Durham
232,	Ron,	Galion
233,	Kerry,	Oklahoma City
234,	Dominick,	Spring Green
235,	Emory,	Milford
236,	Lana,	Beaufort
237,	Jeremy,	Big Spring
238,	Dudley,	Essex Fells
239,	Frances,	Merritt
240,	Percy,	Hasse
241,	Alfredo,	Clover
242,	Joanna,	Audubon
243,	Susanna,	Springdale
244,	Ola,	Dayton
245,	Louella,	Phoenix
246,	Deirdre,	Indianapolis
247,	Kristina,	Moorpark
248,	Stacy,	Peoria
249,	Frankie,	Red Oak
250,	Pauline,	Niotaze
251,	Adolph,	Durham
252,	Rosa,	Appleton
253,	Craig,	Sand Creek
254,	Stanley,	Jolo
255,	Morgan,	Hartline
256,	Reba,	Columbia
257,	Shana,	Edward
258,	Adam,	Ohatchee
259,	Leann,	Woodbridge
260,	Floyd,	Farwell
261,	Scott,	Rockford
262,	Sterling,	Saint Anne
263,	Damon,	Onego
264,	Mauricio,	Lawrence
265,	Ebony,	Otego
266,	Bobbie,	Park Valley
267,	Jami,	Max
268,	Aisha,	Montezuma
269,	Moses,	Orlando
270,	Monique,	Cardington
271,	Domingo,	Littlefield
272,	Tammy,	Dongola
273,	Federico,	Hart
274,	Kory,	Buies Creek
275,	Nichole,	Wichita
276,	Rodger,	Sacramento
277,	Bruce,	Detroit
278,	Derick,	Mc Veytown
279,	Lorna,	Scranton
280,	Rico,	Mineral City
281,	Luann,	Phoenix
282,	Tara,	Glenmoore
283,	Shaun,	Kansas City
284,	Debbie,	Littleton
285,	May,	Leslie
286,	Adeline,	Niota
287,	Guy,	Castle Rock
288,	Opal,	South Ryegate
289,	Robbie,	Pascagoula
290,	Ella,	Norvelt
291,	Derrick,	Ossian
292,	Maura,	Fairfield
293,	Roderick,	Encampment
294,	Gwen,	Marathon
295,	Melanie,	La Puente
296,	Micah,	Lyoth
297,	Buford,	Success
298,	Kyle,	Tebbetts
299,	Jocelyn,	Merritt Island
300,	Larry,	San Augustine
301,	Wilbur,	West Copake
302,	Maxine,	Hogansburg
303,	Kathleen,	Somerset
304,	Norbert,	Schuyler
305,	Chadwick,	Lattimer Mines
306,	Connie,	Casselberry
307,	Bobbie,	Jamaica
308,	Lesley,	Nuevo
309,	Victoria,	Toledo
310,	Marc,	East Hickory
311,	Elias,	Mayking
312,	Flossie,	Nezperce
313,	Lana,	Shawnee Mission
314,	Nick,	Glen Ellyn
315,	Nona,	Odessa
316,	Abdul,	Alexandria
317,	Inez,	Sierra Madre
318,	Raquel,	Pine Island
319,	Sean,	Corona
320,	Fred,	North Palm Springs
321,	Sylvester,	Sarasota
322,	Berta,	Holbrook
323,	Noelle,	Crocker
324,	Chrystal,	Norristown
325,	Reggie,	Woodward
326,	Joanne,	Cincinnati
327,	Bryon,	Platina
328,	Noreen,	Fisty
329,	Mathew,	Millville
330,	Herminia,	Reidsville
331,	Luke,	Harned
332,	Ronny,	Thompson
333,	Jeannine,	Bingham
334,	Silvia,	Fort Worth
335,	Margo,	Crouseville
336,	Kimberly,	Carter
337,	Jodie,	Miston
338,	Lorrie,	San Bernardino
339,	Miles,	Indianapolis
340,	Jamar,	Wilmington
341,	Amber,	Darien
342,	Sterling,	Burton
343,	Enid,	Brick
344,	Annmarie,	Smithville
345,	Molly,	Fairwater
346,	Rogelio,	Vici
347,	Mathew,	Ramona
348,	Lewis,	Lexington
349,	Claudette,	Albany
350,	Tracie,	The Villages
351,	Eric,	Lafayette
352,	Nestor,	Warsaw
353,	Mitzi,	Rockland
354,	Lillian,	Clipper Mills
355,	Barry,	Donaldson
356,	Coleen,	Holmes
357,	Marci,	Bowling Green
358,	Monty,	Sedley
359,	Norris,	Georgetown
360,	Elvira,	Louisville
361,	Keven,	Philadelphia
362,	Rosendo,	Ripley
363,	Carly,	Oakland
364,	Colleen,	Jacksonville
365,	Ollie,	Gillett
366,	Hilario,	Ridge
367,	Nadine,	Los Molinos
368,	Wm,	Unionville
369,	Minnie,	Swanton
370,	Angela,	Middletown Springs
371,	Lillian,	Claunch
372,	Bob,	North Collins
373,	Edwin,	Crivitz
374,	Bernardo,	Atlanta
375,	William,	Longdale
376,	Vance,	Independence
377,	Edmund,	Hillsboro
378,	Imogene,	Hayesville
379,	Darin,	Avon
380,	Loretta,	Nerinx
381,	Olive,	Alba
382,	Gino,	Coosawatchie
383,	Fred,	Pleasant Grove
384,	Nelson,	Fort Smith
385,	Joyce,	Murray
386,	Juliana,	Saint Louis
387,	Norris,	Erving
388,	Tom,	Deridder
389,	Josephine,	Reynoldsburg
390,	Les,	Tacoma
391,	Jaime,	Verona
392,	Marissa,	Atlanta
393,	Lavern,	Richmond
394,	Evangeline,	Cedar City
395,	Brandy,	Watford City
396,	Molly,	Russell Springs
397,	Gale,	Killdeer
398,	Merlin,	Fawn Grove
399,	Nelson,	California
400,	Jackson,	Jackson
401,	Trisha,	Niverville
402,	Lilia,	Aromas
403,	Kimberly,	Kenesaw
404,	Luciano,	Geneseo
405,	Danny,	Bluffton
406,	Wilfredo,	Randall
407,	Callie,	Ocate
408,	Rachelle,	El Paso
409,	Bobbi,	Keystone
410,	Kris,	Leeton
411,	Marissa,	Davenport
412,	Jamar,	Texola
413,	Nelda,	Columbus
414,	Carolina,	Newark
415,	Terri,	Copper City
416,	Nestor,	Clarksville
417,	Adrian,	Glen Spey
418,	Kyle,	Pine
419,	Domingo,	Milwaukee
420,	Leonardo,	Macon
421,	Hubert,	Rush
422,	Kory,	Leeds
423,	Tami,	Dayton
424,	Amanda,	Agua Dulce
425,	Stephen,	Jersey City
426,	Johnie,	Stanardsville
427,	Rebekah,	Glen Haven
428,	Kelly,	Penwell
429,	Tracie,	North Bergen
430,	Bennett,	Winston Salem
431,	Vernon,	Hallstead
432,	Theron,	Orange
433,	Ernie,	Durham
434,	Shawn,	Manhattan Beach
435,	Enrique,	Binger
436,	Ernie,	Higgins
437,	Carolyn,	Eben Junction
438,	Margie,	Port Washington
439,	Keven,	Atkins
440,	Bruce,	Ida
441,	Kristen,	Smyrna
442,	Howard,	Elmer
443,	Merle,	Maple Plain
444,	Hector,	Easton
445,	Darnell,	New York City
446,	Janelle,	Atqasuk
447,	Eula,	Slemp
448,	Theresa,	Sonnette
449,	Kimberley,	Excelsior Springs
450,	Angelita,	West Bloomfield
451,	Selma,	Union City
452,	Edna,	Washington
453,	Dewayne,	Kansas City
454,	Gale,	Easton
455,	Cora,	Colorado Springs
456,	Annmarie,	Bronx
457,	Owen,	Joplin
458,	Chrystal,	Wellesley Island
459,	Thurman,	Oakville
460,	Darnell,	Somers
461,	Raymundo,	Sargeant
462,	Frederick,	Tisch Mills
463,	Natalie,	Washington
464,	Thad,	Baxter
465,	Belinda,	Killduff
466,	Rosanna,	Wolf Creek
467,	Wilda,	Sebago
468,	Alyssa,	Saltville
469,	Liz,	Los Angeles
470,	Mariano,	Ellamore
471,	Forest,	Fargo
472,	Gino,	Earlysville
473,	Jarred,	Natural Bridge
474,	Preston,	Gideon
475,	Clinton,	Ortonville
476,	Dana,	Sand Point
477,	Odell,	Twin Lakes
478,	Tameka,	Glyndon
479,	Dominique,	Lynndyl
480,	Abraham,	Krypton
481,	Augustus,	Yakima
482,	Rene,	Buckner
483,	Christian,	Canton
484,	Major,	Salters
485,	Frieda,	Allentown
486,	Rachael,	Houston
487,	Bernadine,	Lexington
488,	Deanna,	Milwaukee
489,	Joseph,	Camden
490,	Antwan,	San Bernardino
491,	Harrison,	Kansas City
492,	Dylan,	Washington Navy Yard
493,	Winston,	Napoleonville
494,	Serena,	Curtis Bay
495,	Maryann,	Chunky
496,	Roxie,	Piney Fork
497,	Sonny,	Cincinnati
498,	Eduardo,	Pelican Lake
499,	Marietta,	Prescott
500,	Nettie,	Columbus
501,	Sandy,	Franklin
502,	Christopher,	Belvidere
503,	Felicia,	Lee Mont
504,	Tyler,	Hattiesburg
505,	Arline,	Donovan
506,	Margo,	Madison
507,	Kareem,	Niagara Falls
508,	Nanette,	Terra Bella
509,	Myra,	Shepherdsville
510,	Luther,	Cuthbert
511,	Ramon,	Sterling
512,	Sallie,	Covington
513,	Shirley,	Garden Grove
514,	Corey,	Syracuse
515,	Carrie,	Doddridge
516,	Ofelia,	Taftville
517,	Shelton,	Klemme
518,	Carlene,	Siasconset
519,	Earline,	Lykens
520,	Kitty,	Portland
521,	Lavonne,	Westhoff
522,	Reyna,	Alliance
523,	Preston,	Rudyard
524,	Isaac,	Lynbrook
525,	Noe,	Solon Mills
526,	Callie,	New York City
527,	Elliott,	Atlanta
528,	Georgina,	Uniontown
529,	Frances,	Little Ferry
530,	Marc,	Robert Lee
531,	Nathaniel,	Covel
532,	Colby,	Midland
533,	Dee,	Denham
534,	Willie,	Desoto
535,	Alison,	Monetta
536,	Gena,	Alix
537,	Tammy,	Ottoville
538,	Shirley,	Martha
539,	Joanna,	Adrian
540,	Amber,	Walpole
541,	Lourdes,	Catalina
542,	Kim,	Baxter
543,	Haley,	Eagar
544,	Rory,	Kona
545,	Kathrine,	Port Bolivar
546,	Lou,	Sheyenne
547,	Karla,	Bozeman
548,	Ava,	Fairbanks
549,	Roseann,	Rochford
550,	Elizabeth,	Dabneys
551,	Flora,	Aurora
552,	Shannon,	North Pole
553,	James,	Wilder
554,	Craig,	Rockford
555,	Celina,	Wetmore
556,	Jimmie,	Toppenish
557,	Faye,	Marion
558,	Gena,	Garden City
559,	Deandre,	South Waterford
560,	Garland,	Kingston
561,	Jerrod,	Columbus
562,	Alexis,	Fort Worth
563,	Deidre,	Sykesville
564,	Fred,	San Antonio
565,	Effie,	Chicora
566,	Juliette,	Chancellor
567,	Susan,	Boalsburg
568,	Richie,	Floriston
569,	Winston,	Rural Retreat
570,	Sammy,	Seminole
571,	Gracie,	Millers Creek
572,	Manuel,	Cyclone
573,	Roberto,	Liscomb
574,	Wilma,	Elk Creek
575,	Roderick,	West Townsend
576,	Mayra,	San Diego
577,	Andres,	Edwards
578,	Quentin,	Donaldson
579,	Adrian,	Hartford
580,	Lelia,	Millersburg
581,	Tad,	North Port
582,	Pansy,	Hershey
583,	Agustin,	Chattanooga
584,	Riley,	El Paso
585,	Bernard,	Kiowa
586,	Lonnie,	Missouri City
587,	Courtney,	Elliston
588,	Eliza,	Worcester
589,	Jody,	Rineyville
590,	Pam,	Stockton
591,	Trevor,	Clifton
592,	Tamara,	Essington
593,	Bonita,	Kennett Square
594,	Raphael,	Elm City
595,	Rosanne,	White Lake
596,	Ola,	Redlands
597,	Genevieve,	Ora
598,	Lamont,	Cassville
599,	Margie,	Corpus Christi
600,	Terrell,	Crouseville
601,	Edna,	Calimesa
602,	Lindsey,	Winston Salem
603,	Lorrie,	Montara
604,	Denver,	Merrill
605,	Daisy,	Lutz
606,	Esperanza,	Ruffin
607,	Janice,	Bladensburg
608,	Helene,	Hunter
609,	Rosario,	Garcia
610,	Teresa,	Allenhurst
611,	Janna,	Durham
612,	Erika,	Walkersville
613,	Mohamed,	Dallas
614,	Mohammad,	Spur
615,	Felipe,	Chetopa
616,	Rusty,	Ferris
617,	Kirsten,	Joyce
618,	Mercedes,	Fall River Mills
619,	Kenya,	House Springs
620,	Laurence,	Norvelt
621,	Shirley,	Scandia
622,	Ricky,	Hector
623,	Jerry,	Knoxville
624,	Melva,	Represa
625,	Josef,	Creola
626,	Ellen,	Hurt
627,	Lydia,	Crystal
628,	Becky,	Bloomington
629,	Edna,	Allen Park
630,	Yong,	Holland
631,	Shannon,	Glenville
632,	Benny,	Gold Hill
633,	Rhea,	Rock Rapids
634,	Tracy,	Numidia
635,	Wilburn,	Brussels
636,	Frank,	Burbank
637,	Barton,	Miami
638,	Max,	Preston
639,	Eliseo,	Wind Gap
640,	Lynne,	South Colby
641,	Maude,	Westfield
642,	Kathryn,	West Chesterfield
643,	Dan,	Benoit
644,	Tanisha,	Osgood
645,	Kitty,	Flagstaff
646,	Kent,	Nitro
647,	Ashlee,	Corpus Christi
648,	Felecia,	Woodland
649,	Horace,	Jim Falls
650,	Rickie,	Mc Lean
651,	Maria,	Karns City
652,	Michael,	Cleveland
653,	Paula,	Los Angeles
654,	Rick,	Spartanburg
655,	Ramiro,	Newton Center
656,	Benny,	Burke
657,	Beryl,	Rockford
658,	Bernice,	Shawnee Mission
659,	Bud,	Trevorton
660,	Anita,	Sutherlin
661,	Kareem,	Washington
662,	Curtis,	Kingsford Heights
663,	Tamika,	Milwaukee
664,	Carmelo,	Dallas
665,	Rebecca,	Asbury
666,	Pearlie,	Hampton
667,	Donovan,	Jackson
668,	Robt,	Moscow
669,	Lacy,	Jackson
670,	Rosemary,	Scarsdale
671,	Lon,	Hyattsville
672,	Grace,	Radisson
673,	Felix,	Bejou
674,	Beatriz,	Tiger
675,	Louisa,	Short Creek
676,	Aubrey,	Summerville
677,	Reyna,	Peridot
678,	Rusty,	Churchs Ferry
679,	Houston,	Teterboro
680,	Edwardo,	East Homer
681,	Clifton,	Washington
682,	Amparo,	Oceanside
683,	Martha,	San Juan Capistrano
684,	Charmaine,	Choudrant
685,	Jayne,	Salineville
686,	Bryce,	Cerro Gordo
687,	Beatrice,	Louisville
688,	Alphonse,	Portland
689,	Rae,	Saint Louis
690,	Dona,	Shanks
691,	David,	Pickerington
692,	Clara,	Minneapolis
693,	Harlan,	Salinas
694,	Wanda,	Albany
695,	Keri,	Hamshire
696,	Wilfred,	East Dennis
697,	Lynn,	Neoga
698,	Faye,	Rome City
699,	Bennie,	Luther
700,	Scotty,	Austin
701,	Grady,	South Carrollton
702,	Eula,	Holstein
703,	Nita,	Laporte
704,	Zachery,	Fort Madison
705,	Scot,	Watsontown
706,	Mia,	Show Low
707,	Hung,	Sanford
708,	Genevieve,	Greenfield
709,	Alec,	Kings Beach
710,	Pasquale,	Reform
711,	Sheri,	Cedar Rapids
712,	Mauro,	Charlotte
713,	Cristina,	Virginia Beach
714,	Raul,	Veradale
715,	Amparo,	Pierce City
716,	Efrain,	Saint Louis
717,	Stacey,	Thorp
718,	Leon,	Meadowlands
719,	Vonda,	Oakland
720,	Jorge,	Wilmar
721,	Brandy,	Sunnyside
722,	Lakeisha,	Vanderbilt Beach
723,	Ernestine,	Wayside
724,	Julius,	Meigs
725,	Naomi,	Greensboro
726,	Sydney,	Bray
727,	Clifton,	New York City
728,	Consuelo,	Fortville
729,	Aldo,	Chemung
730,	Deidre,	Napoleon
731,	Maura,	Columbus
732,	Claudine,	Nottawa
733,	Silvia,	Islip Terrace
734,	Gilda,	Indianapolis
735,	Mai,	Beatty
736,	Cecilia,	Fort Wainwright
737,	Wilburn,	North Turner
738,	Delbert,	Palm Desert
739,	Vincent,	Charlotte
740,	Orlando,	Burlington
741,	Isiah,	Crompond
742,	Jeanine,	Greensboro
743,	Damien,	Gideon
744,	Fern,	New Meadows
745,	Katy,	Westby
746,	Nikki,	Suitland
747,	Norris,	Natrona
748,	Reinaldo,	Regent
749,	Eddie,	Four Oaks
750,	Denise,	Springfield
751,	Sasha,	Manassas
752,	Josh,	Whalan
753,	Rodger,	Pico Rivera
754,	Miles,	Denver
755,	Erin,	Dushore
756,	Rosalind,	Morris
757,	Lenard,	Lawson
758,	Wilson,	Wilmington
759,	Harley,	Antigo
760,	Carrie,	Oketo
761,	Esteban,	Fresno
762,	Merle,	White House
763,	Joanna,	Cullman
764,	Cyrus,	Charles City
765,	Mariana,	Paisley
766,	Fletcher,	Wilmer
767,	Edwin,	Austin
768,	Noreen,	Iota
769,	Ollie,	Melrose
770,	Cleveland,	Spring Hill
771,	Arron,	Cleveland
772,	Elijah,	Grand Lake Stream
773,	Allie,	Claremont
774,	Janie,	Enid
775,	Shelia,	Central
776,	Aida,	Lovingston
777,	Lora,	Fort Lauderdale
778,	Fritz,	Charleston
779,	Natalie,	South Bend
780,	Eliseo,	Duluth
781,	Philip,	Pleasant Valley
782,	Kay,	Sahuarita
783,	Liliana,	Pittsburgh
784,	Elise,	Bern
785,	Tabitha,	Terrell
786,	Barney,	Dalton
787,	Myrtle,	Anderson
788,	Frederick,	Edwardsville
789,	Debora,	Cross Fork
790,	Merlin,	Hambleton
791,	Celia,	Apple Grove
792,	Tina,	Beulah
793,	Kelsey,	New York City
794,	Danny,	Warminster
795,	Dena,	Cincinnati
796,	Edmund,	Pittsburg
797,	Hershel,	Yeagertown
798,	Lawanda,	Garrard
799,	Sophia,	Midland City
800,	Lauren,	Reserve
801,	Guy,	Charlotte
802,	Kurt,	Ellendale
803,	Mallory,	Fort Wayne
804,	Louisa,	Big Bend National Park
805,	Diego,	Catawba
806,	Louisa,	Whittier
807,	Josue,	Coralville
808,	Ines,	West Palm Beach
809,	Lance,	Lamar
810,	Belinda,	New Bern
811,	Gracie,	Green Bay
812,	Benito,	Grand View
813,	Lucinda,	Bedford
814,	Jami,	Glenhayes
815,	David,	Wells
816,	Clement,	Marmora
817,	Shane,	Leo
818,	Clint,	Northport
819,	Ofelia,	Sugartown
820,	Karina,	Osborn
821,	Sam,	Mira
822,	Lina,	Kent
823,	Myles,	Irwin
824,	Clay,	Edgerton
825,	Catalina,	Wales
826,	Nannie,	Mountain Home
827,	Donovan,	South Dartmouth
828,	Sondra,	Harveyville
829,	Terrance,	Junction City
830,	Colleen,	Pingree
831,	Thad,	Tinley Park
832,	Terence,	Tacoma
833,	Bettie,	Peoria
834,	Boyd,	Neely
835,	Corey,	Patriot
836,	Violet,	Tionesta
837,	Camille,	Sun City
838,	Nicole,	Garland
839,	Joan,	Columbia
840,	Kennith,	Appomattox
841,	Mae,	Scotland
842,	Denver,	Shortt Gap
843,	Milford,	Garden Valley
844,	Marva,	Hoffman Estates
845,	Betsy,	Roswell
846,	Celeste,	Andover
847,	Tonya,	Ravenna
848,	Deana,	Carlsbad
849,	Susanne,	Ladoga
850,	Cole,	Harrisburg
851,	Marlon,	Dallas City
852,	Trudy,	Currie
853,	Tania,	Lehigh Acres
854,	Leonel,	Zephyrhills
855,	Nadia,	Tiplersville
856,	Cody,	Bloomfield Hills
857,	Megan,	Bunkie
858,	Darla,	Flushing
859,	Cecile,	Freedom
860,	Helene,	Manhattan
861,	Vernon,	Meers
862,	Marva,	Bellaire
863,	Yvette,	Highlandville
864,	Derick,	Cincinnati
865,	Fay,	Tioga
866,	Deanna,	Saginaw
867,	Augusta,	Maryland Heights
868,	Erna,	Talladega
869,	Luther,	Reynoldsburg
870,	Curtis,	Houston
871,	Yvette,	Canton Center
872,	Walter,	Gainesville
873,	Christa,	Bruce
874,	Milton,	Cropseyville
875,	Kimberly,	Farlington
876,	Lemuel,	Grandview
877,	Marcie,	Monticello
878,	Bart,	Woodworth
879,	Patrice,	Shafter
880,	Xavier,	New York City
881,	Lidia,	Litchfield
882,	Essie,	Harrisburg
883,	Sondra,	Boonville
884,	Monte,	Wallula
885,	Ernesto,	Hume
886,	Ismael,	Mont Vernon
887,	Elijah,	Waco
888,	Leigh,	Cedarburg
889,	Genaro,	Dyer
890,	Lucy,	Gaston
891,	Bernadette,	Pinellas Park
892,	Lee,	Dallas
893,	Damian,	Rochester
894,	Dusty,	Paterson
895,	Katina,	Arlington
896,	Clair,	Loon Lake
897,	Ernesto,	Garner
898,	Frankie,	Denver
899,	Angelique,	Dallas
900,	Marcelino,	Benton
901,	Tony,	Garden Grove
902,	Lenard,	Bahama
903,	Aurora,	Santa Fe
904,	Manuela,	Loraine
905,	Jean,	Chiloquin
906,	Barbra,	Harbinger
907,	Deann,	Craley
908,	Reba,	Kingston
909,	Rickie,	Des Moines
910,	Lyman,	Fryeburg
911,	Deon,	Anton
912,	Israel,	Willard
913,	Moises,	San Francisco
914,	Jerri,	Portland
915,	Bradley,	Oak Ridge
916,	Romeo,	Hiland
917,	Leopoldo,	Old Glory
918,	Andrea,	Marland
919,	Charley,	Minneapolis
920,	Carolyn,	Lugoff
921,	Gracie,	Essex Fells
922,	Jerrold,	Naples
923,	Joshua,	Mobile
924,	Kristy,	Nome
925,	Spencer,	Des Arc
926,	Ashley,	San Acacia
927,	Rocco,	Wolfeboro Falls
928,	Sonny,	Maxwell
929,	Erich,	Seth
930,	Mack,	Pleasanton
931,	Vicky,	Colebrook
932,	Willa,	Gaylord
933,	Reva,	Lawton
934,	Ina,	Rockdale
935,	Kristi,	Swan Lake
936,	Danial,	Macungie
937,	Benita,	Idlewild
938,	Dwayne,	Waurika
939,	Lorrie,	Helen
940,	Juliana,	Milwaukee
941,	Mac,	North Kingstown
942,	Bryce,	Las Cruces
943,	Guadalupe,	Talmage
944,	Jacob,	East Kingston
945,	Jeanette,	De Mossville
946,	Jefferson,	Mekinock
947,	Dillon,	Santa Cruz
948,	Bertie,	East Smethport
949,	Hannah,	Baltimore
950,	Jon,	Appleton
951,	Caitlin,	Hester
952,	Doris,	Sumner
953,	Barbra,	Roanoke
954,	Hung,	Beaver
955,	Adele,	Porter
956,	Stella,	Dallas
957,	Clement,	Billings
958,	Rosetta,	Morganton
959,	Caleb,	Eastport
960,	Dudley,	Rockford
961,	Barbara,	New Orleans
962,	Alana,	Erie
963,	Hazel,	Thornton
964,	Erich,	Morrison
965,	Elise,	Scranton
966,	Mauro,	Memphis
967,	Luisa,	Wichita
968,	Duane,	Washington
969,	Weldon,	San Antonio
970,	Ilene,	Scandia
971,	Phil,	Dayton
972,	Jonas,	Hatfield
973,	Benita,	Nardin
974,	Rochelle,	Pooler
975,	Terra,	Youngstown
976,	Buford,	Myra
977,	Emanuel,	Yazoo City
978,	Cheryl,	Monroe
979,	Theodore,	Opheim
980,	Ginger,	Valmora
981,	Lilian,	Neptune Beach
982,	Gilbert,	North Star
983,	Waldo,	Clayton
984,	Tommie,	Alma
985,	George,	Vardaman
986,	Graham,	Stockdale
987,	Ophelia,	Kingsland
988,	Lon,	Shawnee Mission
989,	Irvin,	Dierks
990,	Sheri,	Gallagher
991,	Alberta,	Levant
992,	Kerri,	College Station
993,	Olin,	Carleton
994,	Stefan,	Fredericksburg
995,	Cody,	Pasadena
996,	Bonnie,	Mukwonago
997,	Luke,	Freeport
998,	Eva,	Turlock
999,	Maritza,	Stamford
1000,	Phyllis,	Meno
